"filename", "language", "JSON", "PHP", "Markdown", "JavaScript", "XML", "CSS", "comment", "blank", "total"
"c:\Users\ASUS\Desktop\Source\README.md", "Markdown", 0, 0, 45, 0, 0, 0, 0, 22, 67
"c:\Users\ASUS\Desktop\Source\app\Console\Kernel.php", "PHP", 0, 15, 0, 0, 0, 0, 7, 6, 28
"c:\Users\ASUS\Desktop\Source\app\Exceptions\Handler.php", "PHP", 0, 17, 0, 0, 0, 0, 9, 5, 31
"c:\Users\ASUS\Desktop\Source\app\Http\Controllers\AuthController.php", "PHP", 0, 29, 0, 0, 0, 0, 11, 6, 46
"c:\Users\ASUS\Desktop\Source\app\Http\Controllers\ColorSchemeController.php", "PHP", 0, 14, 0, 0, 0, 0, 5, 5, 24
"c:\Users\ASUS\Desktop\Source\app\Http\Controllers\Controller.php", "PHP", 0, 9, 0, 0, 0, 0, 0, 4, 13
"c:\Users\ASUS\Desktop\Source\app\Http\Controllers\DarkModeController.php", "PHP", 0, 13, 0, 0, 0, 0, 4, 5, 22
"c:\Users\ASUS\Desktop\Source\app\Http\Controllers\PageController.php", "PHP", 0, 299, 0, 0, 0, 0, 296, 77, 672
"c:\Users\ASUS\Desktop\Source\app\Http\Helpers.php", "PHP", 0, 32, 0, 0, 0, 0, 0, 5, 37
"c:\Users\ASUS\Desktop\Source\app\Http\Kernel.php", "PHP", 0, 41, 0, 0, 0, 0, 21, 7, 69
"c:\Users\ASUS\Desktop\Source\app\Http\Middleware\Authenticate.php", "PHP", 0, 18, 0, 0, 0, 0, 3, 4, 25
"c:\Users\ASUS\Desktop\Source\app\Http\Middleware\EncryptCookies.php", "PHP", 0, 8, 0, 0, 0, 0, 6, 4, 18
"c:\Users\ASUS\Desktop\Source\app\Http\Middleware\LoggedIn.php", "PHP", 0, 18, 0, 0, 0, 0, 3, 4, 25
"c:\Users\ASUS\Desktop\Source\app\Http\Middleware\PreventRequestsDuringMaintenance.php", "PHP", 0, 8, 0, 0, 0, 0, 6, 4, 18
"c:\Users\ASUS\Desktop\Source\app\Http\Middleware\RedirectIfAuthenticated.php", "PHP", 0, 20, 0, 0, 0, 0, 5, 6, 31
"c:\Users\ASUS\Desktop\Source\app\Http\Middleware\TrimStrings.php", "PHP", 0, 11, 0, 0, 0, 0, 5, 4, 20
"c:\Users\ASUS\Desktop\Source\app\Http\Middleware\TrustHosts.php", "PHP", 0, 12, 0, 0, 0, 0, 5, 4, 21
"c:\Users\ASUS\Desktop\Source\app\Http\Middleware\TrustProxies.php", "PHP", 0, 14, 0, 0, 0, 0, 10, 5, 29
"c:\Users\ASUS\Desktop\Source\app\Http\Middleware\ValidateSignature.php", "PHP", 0, 8, 0, 0, 0, 0, 11, 4, 23
"c:\Users\ASUS\Desktop\Source\app\Http\Middleware\VerifyCsrfToken.php", "PHP", 0, 8, 0, 0, 0, 0, 6, 4, 18
"c:\Users\ASUS\Desktop\Source\app\Http\Requests\LoginRequest.php", "PHP", 0, 13, 0, 0, 0, 0, 5, 4, 22
"c:\Users\ASUS\Desktop\Source\app\Main\SideMenu.php", "PHP", 0, 746, 0, 0, 0, 0, 3, 3, 752
"c:\Users\ASUS\Desktop\Source\app\Main\SimpleMenu.php", "PHP", 0, 746, 0, 0, 0, 0, 3, 3, 752
"c:\Users\ASUS\Desktop\Source\app\Main\TopMenu.php", "PHP", 0, 732, 0, 0, 0, 0, 3, 3, 738
"c:\Users\ASUS\Desktop\Source\app\Models\User.php", "PHP", 0, 37, 0, 0, 0, 0, 26, 10, 73
"c:\Users\ASUS\Desktop\Source\app\Providers\AppServiceProvider.php", "PHP", 0, 12, 0, 0, 0, 0, 8, 5, 25
"c:\Users\ASUS\Desktop\Source\app\Providers\AuthServiceProvider.php", "PHP", 0, 11, 0, 0, 0, 0, 11, 5, 27
"c:\Users\ASUS\Desktop\Source\app\Providers\BroadcastServiceProvider.php", "PHP", 0, 12, 0, 0, 0, 0, 3, 5, 20
"c:\Users\ASUS\Desktop\Source\app\Providers\EventServiceProvider.php", "PHP", 0, 21, 0, 0, 0, 0, 12, 6, 39
"c:\Users\ASUS\Desktop\Source\app\Providers\RouteServiceProvider.php", "PHP", 0, 24, 0, 0, 0, 0, 10, 7, 41
"c:\Users\ASUS\Desktop\Source\app\Providers\ViewServiceProvider.php", "PHP", 0, 18, 0, 0, 0, 0, 11, 5, 34
"c:\Users\ASUS\Desktop\Source\app\View\Composers\ColorSchemeComposer.php", "PHP", 0, 13, 0, 0, 0, 0, 3, 4, 20
"c:\Users\ASUS\Desktop\Source\app\View\Composers\DarkModeComposer.php", "PHP", 0, 13, 0, 0, 0, 0, 3, 4, 20
"c:\Users\ASUS\Desktop\Source\app\View\Composers\FakerComposer.php", "PHP", 0, 253, 0, 0, 0, 0, 6, 29, 288
"c:\Users\ASUS\Desktop\Source\app\View\Composers\LoggedInUserComposer.php", "PHP", 0, 10, 0, 0, 0, 0, 3, 4, 17
"c:\Users\ASUS\Desktop\Source\app\View\Composers\MenuComposer.php", "PHP", 0, 115, 0, 0, 0, 0, 9, 17, 141
"c:\Users\ASUS\Desktop\Source\bootstrap\app.php", "PHP", 0, 17, 0, 0, 0, 0, 30, 9, 56
"c:\Users\ASUS\Desktop\Source\composer.json", "JSON", 72, 0, 0, 0, 0, 0, 0, 1, 73
"c:\Users\ASUS\Desktop\Source\composer.lock", "JSON", 8058, 0, 0, 0, 0, 0, 0, 1, 8059
"c:\Users\ASUS\Desktop\Source\config\app.php", "PHP", 0, 28, 0, 0, 0, 0, 131, 31, 190
"c:\Users\ASUS\Desktop\Source\config\auth.php", "PHP", 0, 28, 0, 0, 0, 0, 74, 14, 116
"c:\Users\ASUS\Desktop\Source\config\broadcasting.php", "PHP", 0, 35, 0, 0, 0, 0, 23, 13, 71
"c:\Users\ASUS\Desktop\Source\config\cache.php", "PHP", 0, 58, 0, 0, 0, 0, 34, 19, 111
"c:\Users\ASUS\Desktop\Source\config\cors.php", "PHP", 0, 3, 0, 0, 0, 0, 29, 3, 35
"c:\Users\ASUS\Desktop\Source\config\database.php", "PHP", 0, 83, 0, 0, 0, 0, 47, 22, 152
"c:\Users\ASUS\Desktop\Source\config\filesystems.php", "PHP", 0, 32, 0, 0, 0, 0, 32, 13, 77
"c:\Users\ASUS\Desktop\Source\config\hashing.php", "PHP", 0, 12, 0, 0, 0, 0, 32, 9, 53
"c:\Users\ASUS\Desktop\Source\config\logging.php", "PHP", 0, 79, 0, 0, 0, 0, 34, 19, 132
"c:\Users\ASUS\Desktop\Source\config\mail.php", "PHP", 0, 53, 0, 0, 0, 0, 53, 19, 125
"c:\Users\ASUS\Desktop\Source\config\queue.php", "PHP", 0, 51, 0, 0, 0, 0, 42, 17, 110
"c:\Users\ASUS\Desktop\Source\config\sanctum.php", "PHP", 0, 15, 0, 0, 0, 0, 41, 12, 68
"c:\Users\ASUS\Desktop\Source\config\services.php", "PHP", 0, 17, 0, 0, 0, 0, 11, 7, 35
"c:\Users\ASUS\Desktop\Source\config\session.php", "PHP", 0, 22, 0, 0, 0, 0, 147, 33, 202
"c:\Users\ASUS\Desktop\Source\config\view.php", "PHP", 0, 10, 0, 0, 0, 0, 20, 7, 37
"c:\Users\ASUS\Desktop\Source\database\factories\UserFactory.php", "PHP", 0, 25, 0, 0, 0, 0, 11, 5, 41
"c:\Users\ASUS\Desktop\Source\database\migrations\2014_10_12_000000_create_users_table.php", "PHP", 0, 30, 0, 0, 0, 0, 6, 4, 40
"c:\Users\ASUS\Desktop\Source\database\migrations\2014_10_12_100000_create_password_reset_tokens_table.php", "PHP", 0, 19, 0, 0, 0, 0, 6, 4, 29
"c:\Users\ASUS\Desktop\Source\database\migrations\2019_08_19_000000_create_failed_jobs_table.php", "PHP", 0, 23, 0, 0, 0, 0, 6, 4, 33
"c:\Users\ASUS\Desktop\Source\database\migrations\2019_12_14_000001_create_personal_access_tokens_table.php", "PHP", 0, 24, 0, 0, 0, 0, 6, 4, 34
"c:\Users\ASUS\Desktop\Source\database\seeders\DatabaseSeeder.php", "PHP", 0, 10, 0, 0, 0, 0, 3, 4, 17
"c:\Users\ASUS\Desktop\Source\database\seeders\UserSeeder.php", "PHP", 0, 65, 0, 0, 0, 0, 4, 4, 73
"c:\Users\ASUS\Desktop\Source\package.json", "JSON", 52, 0, 0, 0, 0, 0, 0, 1, 53
"c:\Users\ASUS\Desktop\Source\phpunit.xml", "XML", 0, 0, 0, 0, 29, 0, 2, 1, 32
"c:\Users\ASUS\Desktop\Source\postcss.config.js", "JavaScript", 0, 0, 0, 9, 0, 0, 0, 1, 10
"c:\Users\ASUS\Desktop\Source\public\index.php", "PHP", 0, 14, 0, 0, 0, 0, 30, 12, 56
"c:\Users\ASUS\Desktop\Source\resources\css\_roboto.css", "CSS", 0, 0, 0, 0, 0, 888, 84, 1, 973
"c:\Users\ASUS\Desktop\Source\resources\css\_tailwind.css", "CSS", 0, 0, 0, 0, 0, 3, 0, 1, 4
"c:\Users\ASUS\Desktop\Source\resources\css\app.css", "CSS", 0, 0, 0, 0, 0, 36, 40, 4, 80
"c:\Users\ASUS\Desktop\Source\resources\css\components\_box.css", "CSS", 0, 0, 0, 0, 0, 15, 0, 2, 17
"c:\Users\ASUS\Desktop\Source\resources\css\components\_ckeditor.css", "CSS", 0, 0, 0, 0, 0, 283, 0, 7, 290
"c:\Users\ASUS\Desktop\Source\resources\css\components\_full-calendar.css", "CSS", 0, 0, 0, 0, 0, 217, 0, 2, 219
"c:\Users\ASUS\Desktop\Source\resources\css\components\_global.css", "CSS", 0, 0, 0, 0, 0, 37, 0, 1, 38
"c:\Users\ASUS\Desktop\Source\resources\css\components\_image-fit.css", "CSS", 0, 0, 0, 0, 0, 12, 0, 1, 13
"c:\Users\ASUS\Desktop\Source\resources\css\components\_intro.css", "CSS", 0, 0, 0, 0, 0, 52, 0, 2, 54
"c:\Users\ASUS\Desktop\Source\resources\css\components\_litepicker.css", "CSS", 0, 0, 0, 0, 0, 281, 0, 2, 283
"c:\Users\ASUS\Desktop\Source\resources\css\components\_mobile-menu.css", "CSS", 0, 0, 0, 0, 0, 84, 5, 2, 91
"c:\Users\ASUS\Desktop\Source\resources\css\components\_scrollbar-hidden.css", "CSS", 0, 0, 0, 0, 0, 7, 0, 1, 8
"c:\Users\ASUS\Desktop\Source\resources\css\components\_side-nav.css", "CSS", 0, 0, 0, 0, 0, 314, 6, 3, 323
"c:\Users\ASUS\Desktop\Source\resources\css\components\_tabulator.css", "CSS", 0, 0, 0, 0, 0, 299, 0, 2, 301
"c:\Users\ASUS\Desktop\Source\resources\css\components\_tailwind-merge.css", "CSS", 0, 0, 0, 0, 0, 3, 0, 1, 4
"c:\Users\ASUS\Desktop\Source\resources\css\components\_tiny-slider.css", "CSS", 0, 0, 0, 0, 0, 109, 0, 2, 111
"c:\Users\ASUS\Desktop\Source\resources\css\components\_tippy.css", "CSS", 0, 0, 0, 0, 0, 51, 0, 2, 53
"c:\Users\ASUS\Desktop\Source\resources\css\components\_toastify.css", "CSS", 0, 0, 0, 0, 0, 29, 0, 1, 30
"c:\Users\ASUS\Desktop\Source\resources\css\components\_tom-select.css", "CSS", 0, 0, 0, 0, 0, 172, 0, 2, 174
"c:\Users\ASUS\Desktop\Source\resources\css\components\_top-nav.css", "CSS", 0, 0, 0, 0, 0, 329, 6, 3, 338
"c:\Users\ASUS\Desktop\Source\resources\css\components\_typing-dots.css", "CSS", 0, 0, 0, 0, 0, 21, 0, 2, 23
"c:\Users\ASUS\Desktop\Source\resources\css\components\_zoom-in.css", "CSS", 0, 0, 0, 0, 0, 14, 0, 1, 15
"c:\Users\ASUS\Desktop\Source\resources\css\components\_zoom-vanilla.css", "CSS", 0, 0, 0, 0, 0, 8, 0, 2, 10
"c:\Users\ASUS\Desktop\Source\resources\images\error-illustration.svg", "XML", 0, 0, 0, 0, 72, 0, 0, 1, 73
"c:\Users\ASUS\Desktop\Source\resources\images\illustration.svg", "XML", 0, 0, 0, 0, 121, 0, 0, 1, 122
"c:\Users\ASUS\Desktop\Source\resources\images\logo.svg", "XML", 0, 0, 0, 0, 9, 0, 0, 1, 10
"c:\Users\ASUS\Desktop\Source\resources\images\phone-illustration.svg", "XML", 0, 0, 0, 0, 11, 0, 0, 1, 12
"c:\Users\ASUS\Desktop\Source\resources\images\woman-illustration.svg", "XML", 0, 0, 0, 0, 32, 0, 0, 1, 33
"c:\Users\ASUS\Desktop\Source\resources\js\app.js", "JavaScript", 0, 0, 0, 5, 0, 0, 1, 1, 7
"c:\Users\ASUS\Desktop\Source\resources\js\bootstrap.js", "JavaScript", 0, 0, 0, 11, 0, 0, 23, 8, 42
"c:\Users\ASUS\Desktop\Source\resources\js\colors.js", "JavaScript", 0, 0, 0, 20, 0, 0, 0, 5, 25
"c:\Users\ASUS\Desktop\Source\resources\js\components\balloon-block-editor\index.js", "JavaScript", 0, 0, 0, 9, 0, 0, 0, 2, 11
"c:\Users\ASUS\Desktop\Source\resources\js\components\balloon-editor\index.js", "JavaScript", 0, 0, 0, 9, 0, 0, 0, 2, 11
"c:\Users\ASUS\Desktop\Source\resources\js\components\calendar\draggable\index.js", "JavaScript", 0, 0, 0, 16, 0, 0, 0, 2, 18
"c:\Users\ASUS\Desktop\Source\resources\js\components\calendar\index.js", "JavaScript", 0, 0, 0, 62, 0, 0, 0, 4, 66
"c:\Users\ASUS\Desktop\Source\resources\js\components\classic-editor\index.js", "JavaScript", 0, 0, 0, 9, 0, 0, 0, 2, 11
"c:\Users\ASUS\Desktop\Source\resources\js\components\dark-mode-switcher\index.js", "JavaScript", 0, 0, 0, 14, 0, 0, 1, 3, 18
"c:\Users\ASUS\Desktop\Source\resources\js\components\document-editor\index.js", "JavaScript", 0, 0, 0, 16, 0, 0, 0, 2, 18
"c:\Users\ASUS\Desktop\Source\resources\js\components\donut-chart\index.js", "JavaScript", 0, 0, 0, 42, 0, 0, 1, 2, 45
"c:\Users\ASUS\Desktop\Source\resources\js\components\dropzone\index.js", "JavaScript", 0, 0, 0, 33, 0, 0, 1, 6, 40
"c:\Users\ASUS\Desktop\Source\resources\js\components\highlight\index.js", "JavaScript", 0, 0, 0, 21, 0, 0, 5, 7, 33
"c:\Users\ASUS\Desktop\Source\resources\js\components\horizontal-bar-chart\index.js", "JavaScript", 0, 0, 0, 86, 0, 0, 1, 2, 89
"c:\Users\ASUS\Desktop\Source\resources\js\components\inline-editor\index.js", "JavaScript", 0, 0, 0, 9, 0, 0, 0, 2, 11
"c:\Users\ASUS\Desktop\Source\resources\js\components\leaflet-map-loader\index.js", "JavaScript", 0, 0, 0, 89, 0, 0, 0, 10, 99
"c:\Users\ASUS\Desktop\Source\resources\js\components\line-chart\index.js", "JavaScript", 0, 0, 0, 96, 0, 0, 1, 2, 99
"c:\Users\ASUS\Desktop\Source\resources\js\components\litepicker\index.js", "JavaScript", 0, 0, 0, 38, 0, 0, 1, 6, 45
"c:\Users\ASUS\Desktop\Source\resources\js\components\lucide\index.js", "JavaScript", 0, 0, 0, 8, 0, 0, 1, 2, 11
"c:\Users\ASUS\Desktop\Source\resources\js\components\mobile-menu\index.js", "JavaScript", 0, 0, 0, 44, 0, 0, 2, 4, 50
"c:\Users\ASUS\Desktop\Source\resources\js\components\pie-chart\index.js", "JavaScript", 0, 0, 0, 41, 0, 0, 1, 2, 44
"c:\Users\ASUS\Desktop\Source\resources\js\components\preview-component\index.js", "JavaScript", 0, 0, 0, 18, 0, 0, 1, 2, 21
"c:\Users\ASUS\Desktop\Source\resources\js\components\report-bar-chart-1\index.js", "JavaScript", 0, 0, 0, 83, 0, 0, 1, 2, 86
"c:\Users\ASUS\Desktop\Source\resources\js\components\report-bar-chart\index.js", "JavaScript", 0, 0, 0, 77, 0, 0, 5, 8, 90
"c:\Users\ASUS\Desktop\Source\resources\js\components\report-donut-chart-1\index.js", "JavaScript", 0, 0, 0, 42, 0, 0, 1, 2, 45
"c:\Users\ASUS\Desktop\Source\resources\js\components\report-donut-chart-2\index.js", "JavaScript", 0, 0, 0, 40, 0, 0, 1, 2, 43
"c:\Users\ASUS\Desktop\Source\resources\js\components\report-donut-chart\index.js", "JavaScript", 0, 0, 0, 44, 0, 0, 1, 2, 47
"c:\Users\ASUS\Desktop\Source\resources\js\components\report-line-chart\index.js", "JavaScript", 0, 0, 0, 94, 0, 0, 1, 2, 97
"c:\Users\ASUS\Desktop\Source\resources\js\components\report-pie-chart\index.js", "JavaScript", 0, 0, 0, 43, 0, 0, 1, 2, 46
"c:\Users\ASUS\Desktop\Source\resources\js\components\simple-line-chart-1\index.js", "JavaScript", 0, 0, 0, 75, 0, 0, 1, 2, 78
"c:\Users\ASUS\Desktop\Source\resources\js\components\simple-line-chart-2\index.js", "JavaScript", 0, 0, 0, 75, 0, 0, 1, 2, 78
"c:\Users\ASUS\Desktop\Source\resources\js\components\simple-line-chart-3\index.js", "JavaScript", 0, 0, 0, 82, 0, 0, 1, 2, 85
"c:\Users\ASUS\Desktop\Source\resources\js\components\simple-line-chart-4\index.js", "JavaScript", 0, 0, 0, 82, 0, 0, 1, 2, 85
"c:\Users\ASUS\Desktop\Source\resources\js\components\simple-line-chart\index.js", "JavaScript", 0, 0, 0, 69, 0, 0, 1, 2, 72
"c:\Users\ASUS\Desktop\Source\resources\js\components\source\index.js", "JavaScript", 0, 0, 0, 15, 0, 0, 1, 3, 19
"c:\Users\ASUS\Desktop\Source\resources\js\components\stacked-bar-chart-1\index.js", "JavaScript", 0, 0, 0, 76, 0, 0, 1, 2, 79
"c:\Users\ASUS\Desktop\Source\resources\js\components\stacked-bar-chart\index.js", "JavaScript", 0, 0, 0, 91, 0, 0, 1, 2, 94
"c:\Users\ASUS\Desktop\Source\resources\js\components\tiny-slider\index.js", "JavaScript", 0, 0, 0, 101, 0, 0, 1, 9, 111
"c:\Users\ASUS\Desktop\Source\resources\js\components\tippy-content\index.js", "JavaScript", 0, 0, 0, 49, 0, 0, 1, 7, 57
"c:\Users\ASUS\Desktop\Source\resources\js\components\tippy\index.js", "JavaScript", 0, 0, 0, 26, 0, 0, 1, 8, 35
"c:\Users\ASUS\Desktop\Source\resources\js\components\tom-select\index.js", "JavaScript", 0, 0, 0, 49, 0, 0, 1, 6, 56
"c:\Users\ASUS\Desktop\Source\resources\js\components\top-bar\index.js", "JavaScript", 0, 0, 0, 13, 0, 0, 0, 3, 16
"c:\Users\ASUS\Desktop\Source\resources\js\components\vertical-bar-chart\index.js", "JavaScript", 0, 0, 0, 85, 0, 0, 1, 2, 88
"c:\Users\ASUS\Desktop\Source\resources\js\helper.js", "JavaScript", 0, 0, 0, 116, 0, 0, 0, 12, 128
"c:\Users\ASUS\Desktop\Source\resources\js\layouts\side-menu\index.js", "JavaScript", 0, 0, 0, 61, 0, 0, 2, 6, 69
"c:\Users\ASUS\Desktop\Source\resources\js\pages\calendar\index.js", "JavaScript", 0, 0, 0, 0, 0, 0, 77, 5, 82
"c:\Users\ASUS\Desktop\Source\resources\js\pages\chat\index.js", "JavaScript", 0, 0, 0, 18, 0, 0, 0, 2, 20
"c:\Users\ASUS\Desktop\Source\resources\js\pages\login\index.js", "JavaScript", 0, 0, 0, 44, 0, 0, 3, 7, 54
"c:\Users\ASUS\Desktop\Source\resources\js\pages\modal\index.js", "JavaScript", 0, 0, 0, 18, 0, 0, 3, 4, 25
"c:\Users\ASUS\Desktop\Source\resources\js\pages\notification\index.js", "JavaScript", 0, 0, 0, 104, 0, 0, 12, 10, 126
"c:\Users\ASUS\Desktop\Source\resources\js\pages\slideover\index.js", "JavaScript", 0, 0, 0, 18, 0, 0, 3, 4, 25
"c:\Users\ASUS\Desktop\Source\resources\js\pages\tabulator\index.js", "JavaScript", 0, 0, 0, 4, 0, 0, 296, 1, 301
"c:\Users\ASUS\Desktop\Source\resources\js\pages\validation\index.js", "JavaScript", 0, 0, 0, 58, 0, 0, 0, 6, 64
"c:\Users\ASUS\Desktop\Source\resources\js\vendor\accordion\index.js", "JavaScript", 0, 0, 0, 1, 0, 0, 0, 1, 2
"c:\Users\ASUS\Desktop\Source\resources\js\vendor\alert\index.js", "JavaScript", 0, 0, 0, 1, 0, 0, 0, 1, 2
"c:\Users\ASUS\Desktop\Source\resources\js\vendor\calendar\index.js", "JavaScript", 0, 0, 0, 2, 0, 0, 0, 1, 3
"c:\Users\ASUS\Desktop\Source\resources\js\vendor\calendar\plugins\day-grid.js", "JavaScript", 0, 0, 0, 2, 0, 0, 0, 1, 3
"c:\Users\ASUS\Desktop\Source\resources\js\vendor\calendar\plugins\interaction.js", "JavaScript", 0, 0, 0, 3, 0, 0, 0, 1, 4
"c:\Users\ASUS\Desktop\Source\resources\js\vendor\calendar\plugins\list.js", "JavaScript", 0, 0, 0, 2, 0, 0, 0, 1, 3
"c:\Users\ASUS\Desktop\Source\resources\js\vendor\calendar\plugins\time-grid.js", "JavaScript", 0, 0, 0, 2, 0, 0, 0, 1, 3
"c:\Users\ASUS\Desktop\Source\resources\js\vendor\chartjs\index.js", "JavaScript", 0, 0, 0, 2, 0, 0, 0, 1, 3
"c:\Users\ASUS\Desktop\Source\resources\js\vendor\ckeditor\balloon-block\index.js", "JavaScript", 0, 0, 0, 2, 0, 0, 0, 1, 3
"c:\Users\ASUS\Desktop\Source\resources\js\vendor\ckeditor\balloon\index.js", "JavaScript", 0, 0, 0, 2, 0, 0, 0, 1, 3
"c:\Users\ASUS\Desktop\Source\resources\js\vendor\ckeditor\classic\index.js", "JavaScript", 0, 0, 0, 2, 0, 0, 0, 1, 3
"c:\Users\ASUS\Desktop\Source\resources\js\vendor\ckeditor\document\index.js", "JavaScript", 0, 0, 0, 2, 0, 0, 0, 1, 3
"c:\Users\ASUS\Desktop\Source\resources\js\vendor\ckeditor\inline\index.js", "JavaScript", 0, 0, 0, 2, 0, 0, 0, 1, 3
"c:\Users\ASUS\Desktop\Source\resources\js\vendor\dom\index.js", "JavaScript", 0, 0, 0, 2, 0, 0, 0, 1, 3
"c:\Users\ASUS\Desktop\Source\resources\js\vendor\dropdown\index.js", "JavaScript", 0, 0, 0, 1, 0, 0, 0, 1, 2
"c:\Users\ASUS\Desktop\Source\resources\js\vendor\dropzone\index.js", "JavaScript", 0, 0, 0, 2, 0, 0, 0, 1, 3
"c:\Users\ASUS\Desktop\Source\resources\js\vendor\highlight\index.js", "JavaScript", 0, 0, 0, 4, 0, 0, 0, 1, 5
"c:\Users\ASUS\Desktop\Source\resources\js\vendor\image-zoom\index.js", "JavaScript", 0, 0, 0, 1, 0, 0, 0, 1, 2
"c:\Users\ASUS\Desktop\Source\resources\js\vendor\leaflet-map\index.js", "JavaScript", 0, 0, 0, 3, 0, 0, 0, 1, 4
"c:\Users\ASUS\Desktop\Source\resources\js\vendor\litepicker\index.js", "JavaScript", 0, 0, 0, 2, 0, 0, 0, 1, 3
"c:\Users\ASUS\Desktop\Source\resources\js\vendor\lucide\index.js", "JavaScript", 0, 0, 0, 3, 0, 0, 0, 1, 4
"c:\Users\ASUS\Desktop\Source\resources\js\vendor\modal\index.js", "JavaScript", 0, 0, 0, 1, 0, 0, 0, 1, 2
"c:\Users\ASUS\Desktop\Source\resources\js\vendor\pristine\index.js", "JavaScript", 0, 0, 0, 2, 0, 0, 0, 1, 3
"c:\Users\ASUS\Desktop\Source\resources\js\vendor\simplebar\index.js", "JavaScript", 0, 0, 0, 2, 0, 0, 0, 1, 3
"c:\Users\ASUS\Desktop\Source\resources\js\vendor\svg-loader\index.js", "JavaScript", 0, 0, 0, 1, 0, 0, 0, 1, 2
"c:\Users\ASUS\Desktop\Source\resources\js\vendor\tab\index.js", "JavaScript", 0, 0, 0, 1, 0, 0, 0, 1, 2
"c:\Users\ASUS\Desktop\Source\resources\js\vendor\tabulator\index.js", "JavaScript", 0, 0, 0, 2, 0, 0, 0, 1, 3
"c:\Users\ASUS\Desktop\Source\resources\js\vendor\tailwind-merge\index.js", "JavaScript", 0, 0, 0, 7, 0, 0, 0, 4, 11
"c:\Users\ASUS\Desktop\Source\resources\js\vendor\tiny-slider\index.js", "JavaScript", 0, 0, 0, 2, 0, 0, 0, 1, 3
"c:\Users\ASUS\Desktop\Source\resources\js\vendor\tippy\index.js", "JavaScript", 0, 0, 0, 4, 0, 0, 0, 1, 5
"c:\Users\ASUS\Desktop\Source\resources\js\vendor\toastify\index.js", "JavaScript", 0, 0, 0, 2, 0, 0, 0, 1, 3
"c:\Users\ASUS\Desktop\Source\resources\js\vendor\tom-select\index.js", "JavaScript", 0, 0, 0, 2, 0, 0, 0, 1, 3
"c:\Users\ASUS\Desktop\Source\resources\js\vendor\transition\index.js", "JavaScript", 0, 0, 0, 1, 0, 0, 0, 1, 2
"c:\Users\ASUS\Desktop\Source\resources\js\vendor\xlsx\index.js", "JavaScript", 0, 0, 0, 2, 0, 0, 0, 1, 3
"c:\Users\ASUS\Desktop\Source\resources\json\location.json", "JSON", 1, 0, 0, 0, 0, 0, 0, 0, 1
"c:\Users\ASUS\Desktop\Source\resources\views\components\base\alert\dismiss-button.blade.php", "PHP", 0, 8, 0, 0, 0, 0, 0, 2, 10
"c:\Users\ASUS\Desktop\Source\resources\views\components\base\alert\index.blade.php", "PHP", 0, 122, 0, 0, 0, 0, 3, 6, 131
"c:\Users\ASUS\Desktop\Source\resources\views\components\base\balloon-block-editor\index.blade.php", "PHP", 0, 13, 0, 0, 0, 0, 0, 3, 16
"c:\Users\ASUS\Desktop\Source\resources\views\components\base\balloon-editor\index.blade.php", "PHP", 0, 13, 0, 0, 0, 0, 0, 3, 16
"c:\Users\ASUS\Desktop\Source\resources\views\components\base\breadcrumb\index.blade.php", "PHP", 0, 12, 0, 0, 0, 0, 0, 2, 14
"c:\Users\ASUS\Desktop\Source\resources\views\components\base\breadcrumb\link.blade.php", "PHP", 0, 19, 0, 0, 0, 0, 0, 5, 24
"c:\Users\ASUS\Desktop\Source\resources\views\components\base\button\index.blade.php", "PHP", 0, 161, 0, 0, 0, 0, 6, 8, 175
"c:\Users\ASUS\Desktop\Source\resources\views\components\base\calendar\draggable\index.blade.php", "PHP", 0, 15, 0, 0, 0, 0, 0, 3, 18
"c:\Users\ASUS\Desktop\Source\resources\views\components\base\chart\index.blade.php", "PHP", 0, 8, 0, 0, 0, 0, 0, 2, 10
"c:\Users\ASUS\Desktop\Source\resources\views\components\base\classic-editor\index.blade.php", "PHP", 0, 13, 0, 0, 0, 0, 0, 3, 16
"c:\Users\ASUS\Desktop\Source\resources\views\components\base\dialog\description.blade.php", "PHP", 0, 4, 0, 0, 0, 0, 0, 2, 6
"c:\Users\ASUS\Desktop\Source\resources\views\components\base\dialog\footer.blade.php", "PHP", 0, 4, 0, 0, 0, 0, 0, 2, 6
"c:\Users\ASUS\Desktop\Source\resources\views\components\base\dialog\index.blade.php", "PHP", 0, 16, 0, 0, 0, 0, 0, 3, 19
"c:\Users\ASUS\Desktop\Source\resources\views\components\base\dialog\panel.blade.php", "PHP", 0, 11, 0, 0, 0, 0, 0, 2, 13
"c:\Users\ASUS\Desktop\Source\resources\views\components\base\dialog\title.blade.php", "PHP", 0, 4, 0, 0, 0, 0, 0, 2, 6
"c:\Users\ASUS\Desktop\Source\resources\views\components\base\disclosure\button.blade.php", "PHP", 0, 23, 0, 0, 0, 0, 0, 2, 25
"c:\Users\ASUS\Desktop\Source\resources\views\components\base\disclosure\group.blade.php", "PHP", 0, 5, 0, 0, 0, 0, 0, 2, 7
"c:\Users\ASUS\Desktop\Source\resources\views\components\base\disclosure\index.blade.php", "PHP", 0, 21, 0, 0, 0, 0, 0, 3, 24
"c:\Users\ASUS\Desktop\Source\resources\views\components\base\disclosure\panel.blade.php", "PHP", 0, 21, 0, 0, 0, 0, 0, 2, 23
"c:\Users\ASUS\Desktop\Source\resources\views\components\base\document-editor\index.blade.php", "PHP", 0, 18, 0, 0, 0, 0, 0, 3, 21
"c:\Users\ASUS\Desktop\Source\resources\views\components\base\dropzone\index.blade.php", "PHP", 0, 28, 0, 0, 0, 0, 0, 4, 32
"c:\Users\ASUS\Desktop\Source\resources\views\components\base\file-icon\index.blade.php", "PHP", 0, 38, 0, 0, 0, 0, 0, 3, 41
"c:\Users\ASUS\Desktop\Source\resources\views\components\base\form-check\index.blade.php", "PHP", 0, 4, 0, 0, 0, 0, 0, 1, 5
"c:\Users\ASUS\Desktop\Source\resources\views\components\base\form-check\input.blade.php", "PHP", 0, 21, 0, 0, 0, 0, 6, 7, 34
"c:\Users\ASUS\Desktop\Source\resources\views\components\base\form-check\label.blade.php", "PHP", 0, 4, 0, 0, 0, 0, 0, 1, 5
"c:\Users\ASUS\Desktop\Source\resources\views\components\base\form-help\index.blade.php", "PHP", 0, 6, 0, 0, 0, 0, 0, 1, 7
"c:\Users\ASUS\Desktop\Source\resources\views\components\base\form-inline\index.blade.php", "PHP", 0, 6, 0, 0, 0, 0, 0, 1, 7
"c:\Users\ASUS\Desktop\Source\resources\views\components\base\form-input\index.blade.php", "PHP", 0, 20, 0, 0, 0, 0, 0, 2, 22
"c:\Users\ASUS\Desktop\Source\resources\views\components\base\form-label\index.blade.php", "PHP", 0, 7, 0, 0, 0, 0, 0, 2, 9
"c:\Users\ASUS\Desktop\Source\resources\views\components\base\form-select\index.blade.php", "PHP", 0, 18, 0, 0, 0, 0, 0, 2, 20
"c:\Users\ASUS\Desktop\Source\resources\views\components\base\form-switch\index.blade.php", "PHP", 0, 2, 0, 0, 0, 0, 0, 1, 3
"c:\Users\ASUS\Desktop\Source\resources\views\components\base\form-switch\input.blade.php", "PHP", 0, 14, 0, 0, 0, 0, 2, 3, 19
"c:\Users\ASUS\Desktop\Source\resources\views\components\base\form-switch\label.blade.php", "PHP", 0, 2, 0, 0, 0, 0, 0, 1, 3
"c:\Users\ASUS\Desktop\Source\resources\views\components\base\form-textarea\index.blade.php", "PHP", 0, 20, 0, 0, 0, 0, 0, 2, 22
"c:\Users\ASUS\Desktop\Source\resources\views\components\base\highlight\index.blade.php", "PHP", 0, 35, 0, 0, 0, 0, 0, 4, 39
"c:\Users\ASUS\Desktop\Source\resources\views\components\base\image-zoom\index.blade.php", "PHP", 0, 11, 0, 0, 0, 0, 0, 3, 14
"c:\Users\ASUS\Desktop\Source\resources\views\components\base\inline-editor\index.blade.php", "PHP", 0, 13, 0, 0, 0, 0, 0, 3, 16
"c:\Users\ASUS\Desktop\Source\resources\views\components\base\input-group\index.blade.php", "PHP", 0, 7, 0, 0, 0, 0, 0, 2, 9
"c:\Users\ASUS\Desktop\Source\resources\views\components\base\input-group\text.blade.php", "PHP", 0, 10, 0, 0, 0, 0, 0, 2, 12
"c:\Users\ASUS\Desktop\Source\resources\views\components\base\leaflet-map-loader\index.blade.php", "PHP", 0, 23, 0, 0, 0, 0, 0, 4, 27
"c:\Users\ASUS\Desktop\Source\resources\views\components\base\litepicker\index.blade.php", "PHP", 0, 14, 0, 0, 0, 0, 0, 3, 17
"c:\Users\ASUS\Desktop\Source\resources\views\components\base\loading-icon\index.blade.php", "PHP", 0, 15279, 0, 0, 0, 0, 0, 3, 15282
"c:\Users\ASUS\Desktop\Source\resources\views\components\base\lucide\index.blade.php", "PHP", 0, 17, 0, 0, 0, 0, 0, 4, 21
"c:\Users\ASUS\Desktop\Source\resources\views\components\base\menu\button.blade.php", "PHP", 0, 16, 0, 0, 0, 0, 0, 2, 18
"c:\Users\ASUS\Desktop\Source\resources\views\components\base\menu\divider.blade.php", "PHP", 0, 3, 0, 0, 0, 0, 0, 1, 4
"c:\Users\ASUS\Desktop\Source\resources\views\components\base\menu\footer.blade.php", "PHP", 0, 3, 0, 0, 0, 0, 0, 1, 4
"c:\Users\ASUS\Desktop\Source\resources\views\components\base\menu\header.blade.php", "PHP", 0, 3, 0, 0, 0, 0, 0, 1, 4
"c:\Users\ASUS\Desktop\Source\resources\views\components\base\menu\index.blade.php", "PHP", 0, 11, 0, 0, 0, 0, 0, 3, 14
"c:\Users\ASUS\Desktop\Source\resources\views\components\base\menu\item.blade.php", "PHP", 0, 11, 0, 0, 0, 0, 0, 2, 13
"c:\Users\ASUS\Desktop\Source\resources\views\components\base\menu\items.blade.php", "PHP", 0, 17, 0, 0, 0, 0, 0, 1, 18
"c:\Users\ASUS\Desktop\Source\resources\views\components\base\notification\index.blade.php", "PHP", 0, 4, 0, 0, 0, 0, 0, 1, 5
"c:\Users\ASUS\Desktop\Source\resources\views\components\base\pagination\index.blade.php", "PHP", 0, 5, 0, 0, 0, 0, 0, 1, 6
"c:\Users\ASUS\Desktop\Source\resources\views\components\base\pagination\link.blade.php", "PHP", 0, 15, 0, 0, 0, 0, 0, 2, 17
"c:\Users\ASUS\Desktop\Source\resources\views\components\base\popover\button.blade.php", "PHP", 0, 15, 0, 0, 0, 0, 0, 2, 17
"c:\Users\ASUS\Desktop\Source\resources\views\components\base\popover\index.blade.php", "PHP", 0, 11, 0, 0, 0, 0, 0, 3, 14
"c:\Users\ASUS\Desktop\Source\resources\views\components\base\popover\panel.blade.php", "PHP", 0, 17, 0, 0, 0, 0, 0, 1, 18
"c:\Users\ASUS\Desktop\Source\resources\views\components\base\preview-component\index.blade.php", "PHP", 0, 8, 0, 0, 0, 0, 0, 2, 10
"c:\Users\ASUS\Desktop\Source\resources\views\components\base\preview\index.blade.php", "PHP", 0, 3, 0, 0, 0, 0, 0, 1, 4
"c:\Users\ASUS\Desktop\Source\resources\views\components\base\progress\bar\index.blade.php", "PHP", 0, 6, 0, 0, 0, 0, 0, 1, 7
"c:\Users\ASUS\Desktop\Source\resources\views\components\base\progress\index.blade.php", "PHP", 0, 6, 0, 0, 0, 0, 0, 1, 7
"c:\Users\ASUS\Desktop\Source\resources\views\components\base\slideover\description.blade.php", "PHP", 0, 4, 0, 0, 0, 0, 0, 2, 6
"c:\Users\ASUS\Desktop\Source\resources\views\components\base\slideover\footer.blade.php", "PHP", 0, 4, 0, 0, 0, 0, 0, 2, 6
"c:\Users\ASUS\Desktop\Source\resources\views\components\base\slideover\index.blade.php", "PHP", 0, 16, 0, 0, 0, 0, 0, 3, 19
"c:\Users\ASUS\Desktop\Source\resources\views\components\base\slideover\panel.blade.php", "PHP", 0, 11, 0, 0, 0, 0, 0, 2, 13
"c:\Users\ASUS\Desktop\Source\resources\views\components\base\slideover\title.blade.php", "PHP", 0, 4, 0, 0, 0, 0, 0, 2, 6
"c:\Users\ASUS\Desktop\Source\resources\views\components\base\source\index.blade.php", "PHP", 0, 8, 0, 0, 0, 0, 0, 2, 10
"c:\Users\ASUS\Desktop\Source\resources\views\components\base\tab\button.blade.php", "PHP", 0, 74, 0, 0, 0, 0, 8, 12, 94
"c:\Users\ASUS\Desktop\Source\resources\views\components\base\tab\group.blade.php", "PHP", 0, 3, 0, 0, 0, 0, 0, 1, 4
"c:\Users\ASUS\Desktop\Source\resources\views\components\base\tab\index.blade.php", "PHP", 0, 15, 0, 0, 0, 0, 0, 3, 18
"c:\Users\ASUS\Desktop\Source\resources\views\components\base\tab\list.blade.php", "PHP", 0, 8, 0, 0, 0, 0, 0, 2, 10
"c:\Users\ASUS\Desktop\Source\resources\views\components\base\tab\panel.blade.php", "PHP", 0, 16, 0, 0, 0, 0, 0, 2, 18
"c:\Users\ASUS\Desktop\Source\resources\views\components\base\tab\panels.blade.php", "PHP", 0, 4, 0, 0, 0, 0, 0, 1, 5
"c:\Users\ASUS\Desktop\Source\resources\views\components\base\table\index.blade.php", "PHP", 0, 7, 0, 0, 0, 0, 0, 2, 9
"c:\Users\ASUS\Desktop\Source\resources\views\components\base\table\tbody.blade.php", "PHP", 0, 3, 0, 0, 0, 0, 0, 1, 4
"c:\Users\ASUS\Desktop\Source\resources\views\components\base\table\td.blade.php", "PHP", 0, 14, 0, 0, 0, 0, 0, 2, 16
"c:\Users\ASUS\Desktop\Source\resources\views\components\base\table\th.blade.php", "PHP", 0, 16, 0, 0, 0, 0, 0, 2, 18
"c:\Users\ASUS\Desktop\Source\resources\views\components\base\table\thead.blade.php", "PHP", 0, 12, 0, 0, 0, 0, 0, 2, 14
"c:\Users\ASUS\Desktop\Source\resources\views\components\base\table\tr.blade.php", "PHP", 0, 16, 0, 0, 0, 0, 0, 2, 18
"c:\Users\ASUS\Desktop\Source\resources\views\components\base\tiny-slider\index.blade.php", "PHP", 0, 17, 0, 0, 0, 0, 0, 4, 21
"c:\Users\ASUS\Desktop\Source\resources\views\components\base\tippy-content\index.blade.php", "PHP", 0, 11, 0, 0, 0, 0, 0, 3, 14
"c:\Users\ASUS\Desktop\Source\resources\views\components\base\tippy\index.blade.php", "PHP", 0, 23, 0, 0, 0, 0, 0, 4, 27
"c:\Users\ASUS\Desktop\Source\resources\views\components\base\tom-select\index.blade.php", "PHP", 0, 13, 0, 0, 0, 0, 0, 3, 16
"c:\Users\ASUS\Desktop\Source\resources\views\components\base\transition\index.blade.php", "PHP", 0, 41, 0, 0, 0, 0, 0, 3, 44
"c:\Users\ASUS\Desktop\Source\resources\views\components\calendar\index.blade.php", "PHP", 0, 18, 0, 0, 0, 0, 0, 3, 21
"c:\Users\ASUS\Desktop\Source\resources\views\components\dark-mode-switcher\index.blade.php", "PHP", 0, 19, 0, 0, 0, 0, 0, 2, 21
"c:\Users\ASUS\Desktop\Source\resources\views\components\donut-chart\index.blade.php", "PHP", 0, 13, 0, 0, 0, 0, 0, 3, 16
"c:\Users\ASUS\Desktop\Source\resources\views\components\horizontal-bar-chart\index.blade.php", "PHP", 0, 13, 0, 0, 0, 0, 0, 3, 16
"c:\Users\ASUS\Desktop\Source\resources\views\components\leaflet-map\index.blade.php", "PHP", 0, 6, 0, 0, 0, 0, 0, 1, 7
"c:\Users\ASUS\Desktop\Source\resources\views\components\line-chart\index.blade.php", "PHP", 0, 13, 0, 0, 0, 0, 0, 3, 16
"c:\Users\ASUS\Desktop\Source\resources\views\components\main-color-switcher\index.blade.php", "PHP", 0, 28, 0, 0, 0, 0, 0, 1, 29
"c:\Users\ASUS\Desktop\Source\resources\views\components\mobile-menu\index.blade.php", "PHP", 0, 131, 0, 0, 0, 0, 0, 3, 134
"c:\Users\ASUS\Desktop\Source\resources\views\components\pie-chart\index.blade.php", "PHP", 0, 13, 0, 0, 0, 0, 0, 3, 16
"c:\Users\ASUS\Desktop\Source\resources\views\components\report-bar-chart-1\index.blade.php", "PHP", 0, 13, 0, 0, 0, 0, 0, 3, 16
"c:\Users\ASUS\Desktop\Source\resources\views\components\report-bar-chart\index.blade.php", "PHP", 0, 13, 0, 0, 0, 0, 0, 3, 16
"c:\Users\ASUS\Desktop\Source\resources\views\components\report-donut-chart-1\index.blade.php", "PHP", 0, 13, 0, 0, 0, 0, 0, 3, 16
"c:\Users\ASUS\Desktop\Source\resources\views\components\report-donut-chart-2\index.blade.php", "PHP", 0, 13, 0, 0, 0, 0, 0, 3, 16
"c:\Users\ASUS\Desktop\Source\resources\views\components\report-donut-chart\index.blade.php", "PHP", 0, 13, 0, 0, 0, 0, 0, 3, 16
"c:\Users\ASUS\Desktop\Source\resources\views\components\report-line-chart\index.blade.php", "PHP", 0, 13, 0, 0, 0, 0, 0, 3, 16
"c:\Users\ASUS\Desktop\Source\resources\views\components\report-pie-chart\index.blade.php", "PHP", 0, 13, 0, 0, 0, 0, 0, 3, 16
"c:\Users\ASUS\Desktop\Source\resources\views\components\simple-line-chart-1\index.blade.php", "PHP", 0, 13, 0, 0, 0, 0, 0, 3, 16
"c:\Users\ASUS\Desktop\Source\resources\views\components\simple-line-chart-2\index.blade.php", "PHP", 0, 13, 0, 0, 0, 0, 0, 3, 16
"c:\Users\ASUS\Desktop\Source\resources\views\components\simple-line-chart-3\index.blade.php", "PHP", 0, 13, 0, 0, 0, 0, 0, 3, 16
"c:\Users\ASUS\Desktop\Source\resources\views\components\simple-line-chart-4\index.blade.php", "PHP", 0, 13, 0, 0, 0, 0, 0, 3, 16
"c:\Users\ASUS\Desktop\Source\resources\views\components\simple-line-chart\index.blade.php", "PHP", 0, 13, 0, 0, 0, 0, 0, 3, 16
"c:\Users\ASUS\Desktop\Source\resources\views\components\stacked-bar-chart-1\index.blade.php", "PHP", 0, 13, 0, 0, 0, 0, 0, 3, 16
"c:\Users\ASUS\Desktop\Source\resources\views\components\stacked-bar-chart\index.blade.php", "PHP", 0, 13, 0, 0, 0, 0, 0, 3, 16
"c:\Users\ASUS\Desktop\Source\resources\views\components\top-bar\index.blade.php", "PHP", 0, 280, 0, 0, 0, 0, 0, 4, 284
"c:\Users\ASUS\Desktop\Source\resources\views\components\vertical-bar-chart\index.blade.php", "PHP", 0, 13, 0, 0, 0, 0, 0, 3, 16
"c:\Users\ASUS\Desktop\Source\resources\views\layouts\base.blade.php", "PHP", 0, 59, 0, 0, 0, 0, 0, 9, 68
"c:\Users\ASUS\Desktop\Source\resources\views\layouts\side-menu.blade.php", "PHP", 0, 132, 0, 0, 0, 0, 4, 10, 146
"c:\Users\ASUS\Desktop\Source\resources\views\layouts\simple-menu.blade.php", "PHP", 0, 132, 0, 0, 0, 0, 4, 9, 145
"c:\Users\ASUS\Desktop\Source\resources\views\layouts\top-menu.blade.php", "PHP", 0, 99, 0, 0, 0, 0, 2, 5, 106
"c:\Users\ASUS\Desktop\Source\resources\views\login\main.blade.php", "PHP", 0, 137, 0, 0, 0, 0, 0, 4, 141
"c:\Users\ASUS\Desktop\Source\resources\views\pages\accordion.blade.php", "PHP", 0, 369, 0, 0, 0, 0, 0, 3, 372
"c:\Users\ASUS\Desktop\Source\resources\views\pages\add-product.blade.php", "PHP", 0, 1832, 0, 0, 0, 0, 0, 3, 1835
"c:\Users\ASUS\Desktop\Source\resources\views\pages\alert.blade.php", "PHP", 0, 1357, 0, 0, 0, 0, 0, 3, 1360
"c:\Users\ASUS\Desktop\Source\resources\views\pages\blog-layout-1.blade.php", "PHP", 0, 263, 0, 0, 0, 0, 0, 3, 266
"c:\Users\ASUS\Desktop\Source\resources\views\pages\blog-layout-2.blade.php", "PHP", 0, 262, 0, 0, 0, 0, 0, 3, 265
"c:\Users\ASUS\Desktop\Source\resources\views\pages\blog-layout-3.blade.php", "PHP", 0, 254, 0, 0, 0, 0, 0, 3, 257
"c:\Users\ASUS\Desktop\Source\resources\views\pages\button.blade.php", "PHP", 0, 1541, 0, 0, 0, 0, 0, 3, 1544
"c:\Users\ASUS\Desktop\Source\resources\views\pages\calendar.blade.php", "PHP", 0, 244, 0, 0, 0, 0, 0, 3, 247
"c:\Users\ASUS\Desktop\Source\resources\views\pages\categories.blade.php", "PHP", 0, 270, 0, 0, 0, 0, 0, 3, 273
"c:\Users\ASUS\Desktop\Source\resources\views\pages\change-password.blade.php", "PHP", 0, 241, 0, 0, 0, 0, 0, 3, 244
"c:\Users\ASUS\Desktop\Source\resources\views\pages\chart.blade.php", "PHP", 0, 189, 0, 0, 0, 0, 0, 3, 192
"c:\Users\ASUS\Desktop\Source\resources\views\pages\chat.blade.php", "PHP", 0, 7701, 0, 0, 0, 0, 0, 4, 7705
"c:\Users\ASUS\Desktop\Source\resources\views\pages\crud-data-list.blade.php", "PHP", 0, 267, 0, 0, 0, 0, 0, 3, 270
"c:\Users\ASUS\Desktop\Source\resources\views\pages\crud-form.blade.php", "PHP", 0, 136, 0, 0, 0, 0, 0, 3, 139
"c:\Users\ASUS\Desktop\Source\resources\views\pages\dashboard-overview-1.blade.php", "PHP", 0, 1043, 0, 0, 0, 0, 0, 3, 1046
"c:\Users\ASUS\Desktop\Source\resources\views\pages\dashboard-overview-2.blade.php", "PHP", 0, 1076, 0, 0, 0, 0, 0, 3, 1079
"c:\Users\ASUS\Desktop\Source\resources\views\pages\dashboard-overview-3.blade.php", "PHP", 0, 981, 0, 0, 0, 0, 0, 3, 984
"c:\Users\ASUS\Desktop\Source\resources\views\pages\dashboard-overview-4.blade.php", "PHP", 0, 1127, 0, 0, 0, 0, 0, 3, 1130
"c:\Users\ASUS\Desktop\Source\resources\views\pages\datepicker.blade.php", "PHP", 0, 357, 0, 0, 0, 0, 0, 3, 360
"c:\Users\ASUS\Desktop\Source\resources\views\pages\dropdown.blade.php", "PHP", 0, 1015, 0, 0, 0, 0, 0, 3, 1018
"c:\Users\ASUS\Desktop\Source\resources\views\pages\error-page.blade.php", "PHP", 0, 37, 0, 0, 0, 0, 0, 3, 40
"c:\Users\ASUS\Desktop\Source\resources\views\pages\faq-layout-1.blade.php", "PHP", 0, 376, 0, 0, 0, 0, 0, 3, 379
"c:\Users\ASUS\Desktop\Source\resources\views\pages\faq-layout-2.blade.php", "PHP", 0, 374, 0, 0, 0, 0, 0, 3, 377
"c:\Users\ASUS\Desktop\Source\resources\views\pages\faq-layout-3.blade.php", "PHP", 0, 394, 0, 0, 0, 0, 0, 3, 397
"c:\Users\ASUS\Desktop\Source\resources\views\pages\file-manager.blade.php", "PHP", 0, 372, 0, 0, 0, 0, 0, 3, 375
"c:\Users\ASUS\Desktop\Source\resources\views\pages\file-upload.blade.php", "PHP", 0, 181, 0, 0, 0, 0, 0, 3, 184
"c:\Users\ASUS\Desktop\Source\resources\views\pages\icon.blade.php", "PHP", 0, 2001, 0, 0, 0, 0, 0, 3, 2004
"c:\Users\ASUS\Desktop\Source\resources\views\pages\image-zoom.blade.php", "PHP", 0, 290, 0, 0, 0, 0, 0, 3, 293
"c:\Users\ASUS\Desktop\Source\resources\views\pages\inbox.blade.php", "PHP", 0, 444, 0, 0, 0, 0, 0, 3, 447
"c:\Users\ASUS\Desktop\Source\resources\views\pages\invoice-layout-1.blade.php", "PHP", 0, 189, 0, 0, 0, 0, 0, 3, 192
"c:\Users\ASUS\Desktop\Source\resources\views\pages\invoice-layout-2.blade.php", "PHP", 0, 186, 0, 0, 0, 0, 0, 3, 189
"c:\Users\ASUS\Desktop\Source\resources\views\pages\loading-icon.blade.php", "PHP", 0, 97, 0, 0, 0, 0, 0, 3, 100
"c:\Users\ASUS\Desktop\Source\resources\views\pages\login.blade.php", "PHP", 0, 119, 0, 0, 0, 0, 0, 3, 122
"c:\Users\ASUS\Desktop\Source\resources\views\pages\modal.blade.php", "PHP", 0, 1506, 0, 0, 0, 0, 0, 4, 1510
"c:\Users\ASUS\Desktop\Source\resources\views\pages\notification.blade.php", "PHP", 0, 774, 0, 0, 0, 0, 12, 8, 794
"c:\Users\ASUS\Desktop\Source\resources\views\pages\point-of-sale.blade.php", "PHP", 0, 415, 0, 0, 0, 0, 0, 3, 418
"c:\Users\ASUS\Desktop\Source\resources\views\pages\post.blade.php", "PHP", 0, 377, 0, 0, 0, 0, 0, 9, 386
"c:\Users\ASUS\Desktop\Source\resources\views\pages\pricing-layout-1.blade.php", "PHP", 0, 197, 0, 0, 0, 0, 0, 3, 200
"c:\Users\ASUS\Desktop\Source\resources\views\pages\pricing-layout-2.blade.php", "PHP", 0, 441, 0, 0, 0, 0, 0, 3, 444
"c:\Users\ASUS\Desktop\Source\resources\views\pages\product-grid.blade.php", "PHP", 0, 234, 0, 0, 0, 0, 0, 3, 237
"c:\Users\ASUS\Desktop\Source\resources\views\pages\product-list.blade.php", "PHP", 0, 275, 0, 0, 0, 0, 0, 3, 278
"c:\Users\ASUS\Desktop\Source\resources\views\pages\profile-overview-1.blade.php", "PHP", 0, 724, 0, 0, 0, 0, 0, 3, 727
"c:\Users\ASUS\Desktop\Source\resources\views\pages\profile-overview-2.blade.php", "PHP", 0, 880, 0, 0, 0, 0, 0, 3, 883
"c:\Users\ASUS\Desktop\Source\resources\views\pages\profile-overview-3.blade.php", "PHP", 0, 1219, 0, 0, 0, 0, 0, 3, 1222
"c:\Users\ASUS\Desktop\Source\resources\views\pages\progress-bar.blade.php", "PHP", 0, 371, 0, 0, 0, 0, 0, 3, 374
"c:\Users\ASUS\Desktop\Source\resources\views\pages\register.blade.php", "PHP", 0, 134, 0, 0, 0, 0, 0, 3, 137
"c:\Users\ASUS\Desktop\Source\resources\views\pages\regular-form.blade.php", "PHP", 0, 1129, 0, 0, 0, 0, 0, 3, 1132
"c:\Users\ASUS\Desktop\Source\resources\views\pages\regular-table.blade.php", "PHP", 0, 1075, 0, 0, 0, 0, 0, 3, 1078
"c:\Users\ASUS\Desktop\Source\resources\views\pages\reviews.blade.php", "PHP", 0, 267, 0, 0, 0, 0, 0, 3, 270
"c:\Users\ASUS\Desktop\Source\resources\views\pages\seller-detail.blade.php", "PHP", 0, 430, 0, 0, 0, 0, 0, 3, 433
"c:\Users\ASUS\Desktop\Source\resources\views\pages\seller-list.blade.php", "PHP", 0, 278, 0, 0, 0, 0, 0, 3, 281
"c:\Users\ASUS\Desktop\Source\resources\views\pages\slide-over.blade.php", "PHP", 0, 1084, 0, 0, 0, 0, 0, 6, 1090
"c:\Users\ASUS\Desktop\Source\resources\views\pages\slider.blade.php", "PHP", 0, 669, 0, 0, 0, 0, 0, 3, 672
"c:\Users\ASUS\Desktop\Source\resources\views\pages\tab.blade.php", "PHP", 0, 451, 0, 0, 0, 0, 0, 3, 454
"c:\Users\ASUS\Desktop\Source\resources\views\pages\tabulator.blade.php", "PHP", 0, 189, 0, 0, 0, 0, 0, 5, 194
"c:\Users\ASUS\Desktop\Source\resources\views\pages\tom-select.blade.php", "PHP", 0, 417, 0, 0, 0, 0, 0, 3, 420
"c:\Users\ASUS\Desktop\Source\resources\views\pages\tooltip.blade.php", "PHP", 0, 345, 0, 0, 0, 0, 0, 3, 348
"c:\Users\ASUS\Desktop\Source\resources\views\pages\transaction-detail.blade.php", "PHP", 0, 297, 0, 0, 0, 0, 0, 3, 300
"c:\Users\ASUS\Desktop\Source\resources\views\pages\transaction-list.blade.php", "PHP", 0, 307, 0, 0, 0, 0, 0, 3, 310
"c:\Users\ASUS\Desktop\Source\resources\views\pages\typography.blade.php", "PHP", 0, 696, 0, 0, 0, 0, 0, 3, 699
"c:\Users\ASUS\Desktop\Source\resources\views\pages\update-profile.blade.php", "PHP", 0, 456, 0, 0, 0, 0, 0, 3, 459
"c:\Users\ASUS\Desktop\Source\resources\views\pages\users-layout-1.blade.php", "PHP", 0, 195, 0, 0, 0, 0, 0, 3, 198
"c:\Users\ASUS\Desktop\Source\resources\views\pages\users-layout-2.blade.php", "PHP", 0, 144, 0, 0, 0, 0, 0, 3, 147
"c:\Users\ASUS\Desktop\Source\resources\views\pages\users-layout-3.blade.php", "PHP", 0, 189, 0, 0, 0, 0, 0, 3, 192
"c:\Users\ASUS\Desktop\Source\resources\views\pages\validation.blade.php", "PHP", 0, 398, 0, 0, 0, 0, 0, 9, 407
"c:\Users\ASUS\Desktop\Source\resources\views\pages\wizard-layout-1.blade.php", "PHP", 0, 108, 0, 0, 0, 0, 0, 3, 111
"c:\Users\ASUS\Desktop\Source\resources\views\pages\wizard-layout-2.blade.php", "PHP", 0, 132, 0, 0, 0, 0, 0, 3, 135
"c:\Users\ASUS\Desktop\Source\resources\views\pages\wizard-layout-3.blade.php", "PHP", 0, 135, 0, 0, 0, 0, 0, 3, 138
"c:\Users\ASUS\Desktop\Source\resources\views\pages\wysiwyg-editor-balloon-block.blade.php", "PHP", 0, 47, 0, 0, 0, 0, 0, 3, 50
"c:\Users\ASUS\Desktop\Source\resources\views\pages\wysiwyg-editor-balloon.blade.php", "PHP", 0, 47, 0, 0, 0, 0, 0, 3, 50
"c:\Users\ASUS\Desktop\Source\resources\views\pages\wysiwyg-editor-classic.blade.php", "PHP", 0, 47, 0, 0, 0, 0, 0, 3, 50
"c:\Users\ASUS\Desktop\Source\resources\views\pages\wysiwyg-editor-document.blade.php", "PHP", 0, 47, 0, 0, 0, 0, 0, 3, 50
"c:\Users\ASUS\Desktop\Source\resources\views\pages\wysiwyg-editor-inline.blade.php", "PHP", 0, 47, 0, 0, 0, 0, 0, 3, 50
"c:\Users\ASUS\Desktop\Source\routes\api.php", "PHP", 0, 6, 0, 0, 0, 0, 10, 4, 20
"c:\Users\ASUS\Desktop\Source\routes\channels.php", "PHP", 0, 5, 0, 0, 0, 0, 10, 4, 19
"c:\Users\ASUS\Desktop\Source\routes\console.php", "PHP", 0, 6, 0, 0, 0, 0, 10, 4, 20
"c:\Users\ASUS\Desktop\Source\routes\web.php", "PHP", 0, 90, 0, 0, 0, 0, 10, 6, 106
"c:\Users\ASUS\Desktop\Source\tailwind.config.js", "JavaScript", 0, 0, 0, 224, 0, 0, 12, 6, 242
"c:\Users\ASUS\Desktop\Source\tests\CreatesApplication.php", "PHP", 0, 13, 0, 0, 0, 0, 3, 6, 22
"c:\Users\ASUS\Desktop\Source\tests\Feature\ExampleTest.php", "PHP", 0, 11, 0, 0, 0, 0, 4, 5, 20
"c:\Users\ASUS\Desktop\Source\tests\TestCase.php", "PHP", 0, 7, 0, 0, 0, 0, 0, 4, 11
"c:\Users\ASUS\Desktop\Source\tests\Unit\ExampleTest.php", "PHP", 0, 10, 0, 0, 0, 0, 3, 4, 17
"c:\Users\ASUS\Desktop\Source\vendor\spatie\ignition\resources\compiled\ignition.css", "CSS", 0, 0, 0, 0, 0, 1, 2, 0, 3
"c:\Users\ASUS\Desktop\Source\vendor\spatie\ignition\resources\compiled\ignition.js", "JavaScript", 0, 0, 0, 6, 0, 0, 0, 1, 7
"c:\Users\ASUS\Desktop\Source\vite.config.js", "JavaScript", 0, 0, 0, 7, 0, 0, 113, 1, 121
"Total", "-", 8183, 64921, 45, 2766, 274, 3265, 2211, 1491, 83156